Per_ID,Ven_Add,Pay_Method,Categ_ID
1,"5630 Maria River Apt. 225, Amherst","Bank Transfer",1
2,"459 Lindsey Manor, Boston",Card,2
3,"45886 Maynard Brook, Raleigh",Cash,3
4,"086 Garrison Forest Suite 735, Lowell","Bank Transfer",4
5,"90299 Powell Track, Boston",Card,5
6,"84772 Patrick Glen Apt. 778, Amherst",Cash,6
7,"81343 Robinson View, Charlotte","Bank Transfer",7
8,"7175 Diaz Estate Suite 500, Atlanta",Card,8
9,"21541 Anderson Centers, Boston",Cash,5
10,"899 Ray Run, Charlotte","Bank Transfer",4
11,"744 Christy Underpass Apt. 514, Amherst",Card,6
12,"347 Hancock Square Apt. 607, Amherst",Cash,7
13,"5376 Mary Locks Apt. 175, Athens",Cash,2
14,"2132 Ortiz Lakes, Amherst","Bank Transfer",1
15,"4492 Taylor Burgs, Lowell",Card,1
16,"2635 Booker Pass Apt. 252, Durham",Cash,4
17,"9482 Villa Tunnel, Charlotte","Bank Transfer",2
18,"686 Kim Centers Suite 149, Boston",Card,8
19,"098 Davis Gateway Suite 359, Atlanta",Cash,5
20,"45601 Stacy Stream Apt. 516, Amherst","Bank Transfer",2
21,"059 Sherman Junction, Durham",Card,5
22,"909 Isaiah Courts Apt. 864, Durham",Cash,2
23,"511 Craig Hill, Amherst","Bank Transfer",4
24,"62618 Young Field, Boston",Card,7
25,"6415 Gray Green, Atlanta","Bank Transfer",8
26,"509 Michael Crossing, Athens","Bank Transfer",3
27,"931 Graham Haven Suite 897, Amherst",Card,5
28,"11674 Welch Valleys Apt. 956, Charlotte",Cash,1
29,"5521 Peck Overpass Suite 514, Amherst","Bank Transfer",1
30,"4640 Tammy Pines, Athens",Card,2
31,"5733 Ortiz Estates Suite 698, Amherst",Cash,2
32,"993 Rose Extensions, Raleigh","Bank Transfer",3
33,"6606 Lynn Estates Apt. 290, Durham",Card,4
34,"8872 Morrison Landing Apt. 226, Amherst",Cash,5
35,"11585 White Knoll Apt. 434, Amherst","Bank Transfer",6
36,"49303 Johnson Terrace Suite 889, Atlanta",Card,7
37,"181 Rangel Manor, Raleigh",Cash,4
38,"740 Carrie Haven Apt. 528, Atlanta",Cash,5
39,"1642 Lance Ports, Charlotte","Bank Transfer",7
40,"640 Samuel Canyon, Durham",Card,2
41,"68003 Lopez Crossing Suite 988, Durham",Cash,1
42,"8327 Gabriel Rapid, Amherst","Bank Transfer",3
43,"92368 Harris Point, Lowell",Card,1
44,"57541 Alisha Skyway, Durham",Cash,7
45,"874 Danielle Creek, Atlanta","Bank Transfer",8
46,"9088 Karen Fort, Amherst",Card,7
47,"77570 Cox Spur, Boston",Cash,3
48,"650 Dennis Squares Apt. 935, Amherst","Bank Transfer",4
49,"71057 Robin Prairie, Athens",Card,5
50,"1003 Payne Drives Apt. 629, Athens","Bank Transfer",2
